Tissue	Module	Size	Layer	Parent	Hub	Function	Enrichment of aging-upregulated genes	Enrichment of aging-downregulated genes
Muscle	M437	430	5	M101	NLRP8,LOC100129502,LOC645452,LOC100132391,FLJ36131,FAM175A,CCDC125,ZNF486,DMC1,TMEM106A,CDAN1,LOC644250,CSF2RA,C2orf69,LOC100190938,OCIAD1,LOC100128062,GJC1,LOC401098,RPL7L1,C6orf170,SYAP1,EIF2AK4,DUXAP3,MGC26356,ZNF738	NA	2.08921969767363e-117	NA
Muscle	M12	746	3	M3	NLRP8,SHROOM4,LOC100129502,ZNF223,FAM175A,PTPLAD2,LOC100132391,LOC645452,FLJ36131,CCDC125,ZNF486,DMC1,CSF2RA,TMEM106A,CDAN1,LOC100130168,LOC644250,GNL3L,LOC440345,TRIM13,C2orf69,LOC100190938,LOC401098,OCIAD1,RPRD1A,LOC100128510,LOC100128062,GJC1,LOC100133607,LSM10,TNFSF15,RPL7L1,CEP27,C6orf170,LGALS3,SYAP1,DUSP19,LOC642947,EIF2AK4,SNX3,SLC44A4,DUXAP3,KPNA4,MGC26356,LOC100133840,CCR6,SDHALP1,ZNF738	NA	7.27274348905602e-115	NA
Muscle	M101	567	4	M12	NLRP8,LOC100129502,ZNF223,PTPLAD2,LOC645452,LOC100132391,FLJ36131,FAM175A,CCDC125,ZNF486,DMC1,CSF2RA,TMEM106A,CDAN1,LOC100130168,LOC644250,C2orf69,LOC100190938,OCIAD1,RPRD1A,LOC100128062,GJC1,LSM10,LOC401098,RPL7L1,CEP27,C6orf170,LGALS3,SYAP1,LOC642947,EIF2AK4,SLC44A4,DUXAP3,KPNA4,MGC26356,SDHALP1,ZNF738	NA	2.33027720074892e-105	NA
Muscle	M812	307	6	M437	NLRP8,LOC100129502,LOC645452,DMC1,TMEM106A,FLJ36131,FAM175A,C2orf69,OCIAD1,LOC644250,ZNF486,LOC100128062,CDAN1,LOC401098,LOC100132391,RPL7L1,SYAP1	NA	5.68452467604575e-99	NA
Muscle	M961	270	8	M940	NLRP8,LOC100129502,LOC645452,DMC1,C2orf69,FAM175A,OCIAD1,ZNF486,LOC100128062,FLJ36131,LOC401098,TMEM106A,LOC100132391,LOC644250	NA	1.08283136290052e-97	NA
Muscle	M940	284	7	M812	NLRP8,LOC100129502,LOC645452,DMC1,FLJ36131,FAM175A,C2orf69,OCIAD1,ZNF486,LOC100128062,LOC401098,LOC100132391,TMEM106A,SYAP1,LOC644250	NA	8.30495063216809e-97	NA
Muscle	M21	247	3	M6	FBP2,PFKM,PGK1,LOC644774,LOC644237,LDHB,AIMP2,NT5C2,SNORA59A,MYLK4	CARBOHYDRATE_CATABOLIC_PROCESS	0.0274657420367331	1.78373388310199e-36
Muscle	M6	961	2	M2	FBP2,TNNT1,ATP2A1,PFKM,ATP2A2,GPD1,TPM3,LOC100133672,PGK1,LOC644774,IL17D,MYL3,LOC644237,USP15,LOC729680,ZAK,GPT2,DNAJA4,RSPO3,CAPZA2,CYB5R1,PLN,CCNG1,CLIP1,XPO4,DDIT4L,LDHB,PPP1R3A,SHISA2,PHKB,PFN2,HYAL2,LOC147804,RPS6KB1,FBXW8,MSTN,TP63,LOC641942,SNORA59A,AGL,PAM,ASB4,AIMP2,MYH6,NT5C2,SH3RF2,LOC644330,AQP7P1,CASQ1,MYOZ2,LOC645387,MYLK3,SMTNL1,WSCD1	MUSCLE_FILAMENT_SLIDING	1.01801192006785e-11	1.8099113400752e-19
Muscle	M9	837	2	M2	CKMT2,ATP5L,MRPL12,UQCRFS1,UQCRC1,ATP5J,ATP5G1,NDUFB8,NDUFA12,MDH1,NDUFB2,SPTBN2,NDUFA8,SERF2,MLYCD,CYC1,SUCLG1,UQCRH,SPAG7,NDUFS7,MRPL13,SLC25A11,COX8A,DECR1,FAM96A,KIAA0391,SLC25A20,C18orf55,ATOX1,LOC100128731,COX5B,ATP5F1,BCKDHA,GOT2,LOC100132717,C21orf33,GPI,HADHA,C20orf7,TIGA1,NCRNA00219,LOC402175,MRPS12,MRPL41,C6orf66,CPT2,NDUFB3,BDH1	CELLULAR_RESPIRATION	NA	6.28229609566764e-69
Muscle	M251	180	4	M21	FBP2,PFKM,LOC644237,LDHB,SNORA59A,NT5C2	GLYCOLYTIC_PROCESS_THROUGH_FRUCTOSE_6_PHOSPHATE	0.00347305655097367	1.08037963682312e-18
Muscle	M715	78	5	M343	CKMT2,SPTBN2	CELLULAR_RESPIRATION	NA	1.30449094566132e-29
Muscle	M343	93	4	M62	CKMT2,SPTBN2,ATP5F1,C18orf55	CELLULAR_RESPIRATION	NA	4.77237595291549e-27
Muscle	M250	61	4	M21	LOC644774,PGK1	CARBOHYDRATE_CATABOLIC_PROCESS	NA	1.11416647968074e-21
Muscle	M446	75	5	M104	SHROOM4,TRIM13,TNFSF15,DUSP19	NA	1.7644254012319e-21	NA
Muscle	M62	145	3	M9	CKMT2,MDH1,SPTBN2,C18orf55,NDUFB8,ATP5F1,C21orf33	CELLULAR_RESPIRATION	NA	8.86182675933378e-28
Muscle	M857	41	6	M613	LOC644774,PGK1	CARBOHYDRATE_CATABOLIC_PROCESS	NA	2.8231913307934e-17
Muscle	M615	92	5	M251	FBP2	FRUCTOSE_METABOLIC_PROCESS	0.000182205421800413	1.90766129981839e-08
Muscle	M613	50	5	M250	LOC644774,PGK1	CARBOHYDRATE_CATABOLIC_PROCESS	NA	1.78273590476299e-17
Muscle	M104	92	4	M12	SHROOM4,TRIM13,TNFSF15,DUSP19,SNX3	NA	1.75347342767583e-17	NA
Muscle	M67	61	3	M9	UQCRFS1,CYC1,MRPS12	ELECTRON_TRANSPORT_CHAIN	NA	2.42067304505846e-14
Muscle	M61	55	3	M9	UQCRC1,GPI	COFACTOR_METABOLIC_PROCESS	NA	5.64087741817714e-14
Muscle	M159	18	4	M13	GRSF1	NA	NA	4.55580901271046e-08
Muscle	M23	285	3	M6	TNNT1,TPM3,ATP2A2,MYL3,IL17D,LOC729680,GPT2,XPO4,PLN,HYAL2,LOC147804,PFN2,CYB5R1,LOC644330,AQP7P1,MYOZ2,MYLK3,WSCD1	ACTIN_MEDIATED_CELL_CONTRACTION	1.19342262314213e-24	NA
Muscle	M619	40	5	M251	PFKM	GLUCAN_CATABOLIC_PROCESS	NA	4.34662542778718e-14
Muscle	M477	102	5	M122	FLAD1,ARAF,MRPS18A	MITOCHONDRIAL_TRANSLATIONAL_TERMINATION	NA	4.34662542778718e-14
Muscle	M820	21	6	M437	GJC1	NA	4.34631562726961e-11	NA
Muscle	M122	114	4	M13	FLAD1,ARAF,MRPS18A,FAM189B	MITOCHONDRIAL_TRANSLATIONAL_TERMINATION	NA	2.16926936045792e-14
Muscle	M190	78	4	M14	NDUFS8,NDUFB11,Magmas	RRNA_CATABOLIC_PROCESS	NA	1.72769283755004e-13
Muscle	M351	41	4	M66	ATP5J,COX5B	ATP_SYNTHESIS_COUPLED_ELECTRON_TRANSPORT	NA	9.36713608605568e-13
Muscle	M626	19	5	M259		NA	1.15434575243303e-10	NA
Muscle	M718	19	5	M351	ATP5J	ATP_SYNTHESIS_COUPLED_ELECTRON_TRANSPORT	NA	3.25839666370897e-10
Muscle	M353	24	4	M67	CYC1,MRPS12	ATP_SYNTHESIS_COUPLED_ELECTRON_TRANSPORT	NA	3.15939512572796e-06
Muscle	M77	22	3	M9	FAM96A,C20orf7	NA	NA	3.48805569705332e-10
Muscle	M354	30	4	M67	UQCRFS1	KETONE_BIOSYNTHETIC_PROCESS	NA	1.13481400169361e-09
Muscle	M942	13	7	M820	GJC1	NA	6.67316908594341e-08	NA
Muscle	M66	53	3	M9	ATP5J,COX17,MRPL33,COX5B	ATP_SYNTHESIS_COUPLED_ELECTRON_TRANSPORT	NA	1.30809838098935e-11
Muscle	M349	90	4	M63	MRPL12,SLC25A11,ATP5G1	MITOCHONDRIAL_GENE_EXPRESSION	NA	9.85680824422731e-11
Muscle	M259	45	4	M23	LOC729680,XPO4	NA	2.06504831826564e-11	NA
Muscle	M813	12	6	M437	KIAA1751,DEM1	NA	0.000182205421800413	NA
Muscle	M815	10	6	M437	EID2B	NA	3.56281878445711e-08	NA
Muscle	M824	27	6	M446	TRIM13,TNFSF15	NA	8.25863950311556e-08	NA
Muscle	M26	116	3	M6	ATP2A1,LOC100133672,GPD1	SKELETAL_MUSCLE_CONTRACTION	NA	3.64617862756037e-07
Muscle	M50	20	3	M8	GLRX3,ISCA1L	NA	NA	2.50734054837291e-07
Muscle	M144	41	4	M13	STK40,STK25	PROTEIN_LOCALIZATION_TO_CILIUM	NA	7.85698520812452e-09
Muscle	M181	49	4	M14	C10orf71,LOC100133866,CCDC109A	NA	7.31399402833352e-08	NA
Muscle	M63	103	3	M9	MRPL12,SLC25A11,ATP5G1	MITOCHONDRIAL_GENE_EXPRESSION	NA	4.48561786978164e-09
Muscle	M549	44	5	M181	C10orf71	NA	4.43114864054095e-07	NA
Muscle	M260	41	4	M23	TNNT1,LOC147804	REGULATION_OF_MUSCLE_CONTRACTION	9.21603833244085e-07	NA
Muscle	M261	52	4	M23	ATP2A2,IL17D,ESRRG	NA	2.08817124207245e-07	NA
Muscle	M862	10	6	M626	MYL6B,EXOSC7	NA	1.24387781083902e-06	NA
Muscle	M307	114	4	M38	LOC401537,LOC388707,ADSL,RPL4,LOC100130980,LOC644464	VIRAL_GENE_EXPRESSION	NA	2.47700467775714e-10
Muscle	M634	64	5	M274	ATP2A1,LOC100133672,GPD1	REGULATION_OF_CARDIAC_CONDUCTION	NA	2.46704472807772e-05
Muscle	M681	40	5	M307	LOC401537,LOC388707	VIRAL_GENE_EXPRESSION	NA	2.68536315156672e-07
Muscle	M68	66	3	M9	ATP5L,NDUFA12,COX8A	ATP_SYNTHESIS_COUPLED_ELECTRON_TRANSPORT	NA	4.71791360231589e-07
Muscle	M38	148	3	M8	LOC401537,LOC388707,LOC100130980,ADSL,RPL4,LOC441013,LOC644464	COTRANSLATIONAL_PROTEIN_TARGETING_TO_MEMBRANE	NA	6.91355101063531e-11
Muscle	M509	31	5	M144	STK40,STK25	NA	NA	1.68671180506111e-06
Muscle	M372	11	4	M77	C20orf7	NA	NA	5.95738211517528e-06
Muscle	M274	71	4	M26	ATP2A1,LOC100133672,GPD1	REGULATION_OF_CARDIAC_CONDUCTION	NA	3.18787355406963e-05
Muscle	M472	12	5	M121	RALGPS1,TMEM143	NA	NA	0.000218150142350657
Muscle	M146	15	4	M13	HEXIM2	NA	NA	0.00132355571706503
Muscle	M233	21	4	M17	CDKN1A,EFCAB7	MITOTIC_CELL_CYCLE_ARREST	2.70992466508894e-06	NA
Muscle	M172	132	4	M14	LOC100132247,LOC440353,LOC728888,LOC440348,LOC440341,LOC644931,MAPK8IP3,NPIP	NA	0.0205989211518857	NA
Muscle	M373	11	4	M77	MRPS30,FAM96A	NA	NA	0.000101017236948027
Muscle	M833	30	6	M523	LOC440353	MRNA_EXPORT_FROM_NUCLEUS	0.0201000139379068	NA
Muscle	M443	17	5	M101	LSM10,ZDHHC16	NA	NA	4.49443594463756e-05
Muscle	M629	17	5	M261	IL17D	NA	0.000324081541762172	NA
Muscle	M401	98	5	M93	LOC728672,LOC134997,TMSL3,LOC389223,LOC645715,LOC439953	NA	4.63724115225001e-05	NA
Muscle	M161	27	4	M13	MRPL27	NA	NA	0.00306530766034271
Muscle	M3	3370	2	M1	NLRP8,S100A10,VIM,LCP1,CALD1,CYBRD1,PTRF,EBF1,LOC728672,AEBP1,FGR,EFEMP1,MGST1,ITGB2,CAP1,CD81,FSTL1,ABI3BP,CD14,SNCA,MYLK,DPYSL2,ANXA2,TAGLN,SH3BGRL,MYL9,EMP1,MGP,ANXA1,FBLN1,CRIP1,CIDEC,SHROOM4,SMAP2,CSF3R,ECM2,LOC100129502,COL1A2,CD44,RAC2,PLS3,ZNF223,LOC389223,PTPLAD2,C14orf173,SLC27A3,PTBP1,ACTG2,FAM175A,CSRP1,ANTXR1,ARPC5,GNAI2,LOC100132391,LOC645452,CLIC4,CNN3,TIMP1,RNASE4,ZC3HAV1,TACC1,LOC728755,VKORC1,PDGFRB,FLJ36131,COL4A1,CLIC1,BGN,GLIPR2,TNFRSF14,TGFB1I1,CCDC125,SLC25A39,LOC730278,MYADM,LOC100134134,SFRP2,HLA.B,ZNF486,TYROBP,DMC1,TIMP2,CSF2RA,C10orf116,COBLL1,PKD2,TMEM106A,TMSL3,CDAN1,EFHD2,LOC100130168,ARHGDIA,DDOST,HBQ1,LOC644250,ARHGDIB,TMSB10,PCOLCE2,PEA15,NBL1,PALM,CASP2,GNL3L,LOC440345,THY1,RAB3IP,HBD,CIDEA,TRIM13,COL3A1,AIF1,ARPC3,CAV1,ATP2B4,TGFBR2,LOC440595,C2orf69,LOC645715,LTB,PTPRF,PHGDH,LGALS3,PTMA,COL6A3,HNRNPH2,DBNL,S100A6,LOC729841,LOC100190938,LOC401098,OCIAD1,FCN1,DOCK11,ANXA2P1,LOC728453,C2CD2,LOC134997,LOC649150,COL6A1,MFSD10,RPRD1A,LOC100128510,LOC100128062,LOC644604,HCST,GJC1,PLIN,NFE2,LOC100131164,CD248,TUBA1A,COL5A1,LOC100132499,MYOF,PSMB8,MYH9,LOC100133607,LSM10,PECAM1,MYH11,TNFSF15,IFI44,RPL7L1,CEP27,MX1,C6orf170,RAB31,ARHGEF2,FSCN1,GNG11,SYAP1,TMSB4X,SVEP1,WBP5,FASN,DUSP19,LOC642947,CCL5,FKSG30,EIF2AK4,CDO1,DCN,COL1A1,S100A4,RAB32,MYL6,TAGLN2,SGCE,IRF9,ITPR3,EPAS1,RCC2,SNX3,SYT11,MFAP4,RAB8B,WAS,SLC44A4,EEF1A1,DUXAP3,AHSP,KPNA4,PRKCB1,RBPMS2,MGC26356,CCND2,MSN,LOC399748,CCND3,POTEF,GSN,SPRED1,COL6A2,LOC100133840,SLC2A3,CCR6,IFITM3,SDHALP1,ZNF738,TUBB1,UBE2L6	EXTRACELLULAR_STRUCTURE_ORGANIZATION	1.60423247046331e-54	NA
Muscle	M22	55	3	M6	CCNG1,MSTN,SHISA2,DDIT4L	NA	NA	4.134970965355e-05
Muscle	M40	12	3	M8	HMGN2,LOC730534	NA	0.00211423346448014	NA
Muscle	M517	15	5	M157	CITED4,PKM2,ZSCAN18	NA	0.0402911726082594	NA
Muscle	M523	93	5	M172	LOC100132247,LOC440353,LOC440348,LOC644931,LOC728888,LOC440341,MAPK8IP3	NA	0.026763219267356	NA
Muscle	M506	67	5	M142	GAMT,MAF,SAMM50,UNC13B	NA	NA	1.26565648230584e-05
Muscle	M121	171	4	M13	PUF60,ZNF672,ANAPC11,BMS1,CS	PEPTIDYL_CYSTEINE_MODIFICATION	NA	2.66311553106039e-07
Muscle	M142	76	4	M13	GAMT,MAF,SAMM50,UNC13B	NA	NA	2.64550505202574e-05
Muscle	M407	17	5	M93	LYVE1	SYNAPSE_PRUNING	0.00259881951623156	NA
Muscle	M752	11	6	M401	LOC440063	NA	0.0109098648349805	NA
Muscle	M4	5450	2	M2	RNF220,CDC42BPB,LOC407835,FRS3,PUF60,E4F1,TGOLN2,C7orf27,SPSB3,CCDC21,FLAD1,LOC650975,C6orf136,INO80E,AGPAT1,GAMT,RTN2,LOC286157,TPD52L2,LOC100132247,LOC646783,LOC728969,GRINA,DES,NDUFS8,LDB3,VEGFB,RNF126,STX5,KPNA6,POLR2F,HPS6,ESAM,C10orf71,LOC646869,LOC150051,CYB561,ZFAND5,LOC642489,SMARCC2,UBQLN4,LOC440353,CNOT1,C20orf72,ALKBH5,MAGEB6,FKBP1A,ARD1A,ARGLU1,TMEM189.UBE2V1,ZNF672,TNRC6A,RBM33,JPH1,TRABD,LRRC47,KIAA0195,LOC728888,NFIX,CHCHD10,C9orf86,LOC644931,ADCY4,HMGA1,LOC642255,HUWE1,PRR14,STK40,MRPS18A,PRRG1,FAM100A,ARAF,HEXIM2,GRSF1,USF2,FOXJ2,JSRP1,CTDSP2,SFRS17A,MAPKAPK2,RBM5,SNRNP70,LOC440341,GBF1,EMD,EGLN2,PSMB6,NCSTN,ACO2,STX16,STIM1,LOC440348,SF3B4,EEF2K,CAMK2B,CCDC14,LOC730052,RBM42,DVL1,CDH5,SCN4A,LAMP2,LOC285205,SLITRK1,ADPRHL1,C6orf111,ATP6AP1,HBP1,STK25,CHPF,KRTCAP2,OGT,LOC653297,DDA1,BCL7B,LRRC41,RANGAP1,ANAPC11,FEM1A,PFKFB3,HDGF2,SRRM1,LOC728734,SSBP3,DYRK1B,GPS1,CENPB,NR2F6,DENND4B,DNAJC24,FBXO32,OGDH,UBL4A,SGSM2,EXOSC10,BTAF1,MRPL27,LOC728787,PCDHB14,XRCC6,SMARCD1,FOXJ3,PKM2,NPIP,C1orf226,ZC3H5,XAB2,OR10J1,MTA1,BMS1,KIAA0460,UBE1,ARAP3,BOP1,CDK5RAP1,CIC,KAT2A,RBM4B,PLA2G4B,MDC1,MYPOP,EIF4G1,LOC646256,OR5AS1,UBA1,EVI5L,MYOZ1,SMG5,FAM125B,CALM3,BTBD2,PHF1,TSPAN8,LOC653103,RPS15A,PLEC1,LOC729562,DDX19A,FAM189B,ASPH,CPEB3,IGFBP4,BAG3,MRPS11,C2orf44,GNA11,LRRC20,TSHZ1,MAF,SEPP1,MAPK8IP3,PIK3IP1,UBAC2,ZDHHC9,ZFAND3,ANKRD9,FBXW4,CLPTM1,DPH2,SMG7,PUM1,HHATL,NDUFB11,PPAPDC3,TRIM28,USP1,ZDHHC8,SAMM50,PLD3,CUEDC1,MFSD3,TMEM175,RAF1,ATPGD1,CS,GATS,PSMA1,LOC643873,BAT5,LOC642755,MARCH7,LOC649346,OBFC2B,SERTAD2,PURG,UBXN1,NAT10,CCDC92,HNRPUL1,STRADA,ADAM15,ST3GAL3,C14orf131,TOMM40,DHX30,YWHAE,GIMAP6,HNRPM,RHOBTB1,SAFB,EPN1,PTOV1,BCOR,LINGO4,TSPAN17,WDFY1,LOC100132329,LOC400456,RANBP3,LOC729143,TEX2,SON,UBE2L3,ZNF423,UNC13B,ZRANB2,RNF11,PURA,FAM39E,CDKN1A,CDH15,E2F4,EFEMP2,GALT,SAC3D1,DUSP8,IRS1,Magmas,CSNK1E,HRAS,IMP3,FTSJD2,LOC441763,RGS5,INTS3,FBRS,FLII,PHIP,C19orf62,SETD3,MCRS1,SOX18,SLC25A44,SNTA1,MSRB3,FBXO11,FBS1,STAC3,LOC100133565,LOC100008588,COPS7B,RNF13,ESRRAP2,AFG3L2,MTF1,DCI,CCDC130,PAF1,MRPS18B,DNM2,C1orf117,R3HCC1,DMAP1,NCOR2,RNF216,AUP1,QARS,PI4KB,QRICH1,MEF2D,NRD1,TESK1,PIN1,UBR4,DCAF7,SDCCAG1,GUSBL1,LOC653631,AP1B1,PHF3,RBM10,SDHAF2,C9orf23,CMTM8,CAMK2G,STOML2,UCP3,ACBD3,EFCAB7,EIF3D,SENP7,SMUG1,KIAA0319L,WDR22,TMUB1,N4BP2L2,MATK,THAP11,TNPO3,OBSCN,ZBTB4,TMED1,SUV39H1,WDR68	PROCESS_UTILIZING_AUTOPHAGIC_MECHANISM	NA	NA
Muscle	M5	728	2	M2	TRIML1,LOC653720,PSENEN,LOC653635,ZNF576,SLC19A2,ZNF473,MED1,CALN1,LOC100133478,LOC654161,LOC645609,DGCR11,LOC100134420,LOC100133600,C14orf174,LOC100132652,HSFYP1,SSX5,SC4MOL,FGF23,LOC653034,SLC25A45,PRTN3,LOC641819,NOC4L,LOC100130623,PABPC5,PTPN7,DNA2,SDC3,C20orf62,ZSWIM4,ZNF74,LOC646508,COL8A2,LOC442711,FLVCR2,LYPD3,SIGIRR,CHD4,RASSF5,TREX1,SNX22	NA	NA	NA
Muscle	M7	412	2	M2	TNFRSF12A,MUSTN1,XIRP2,HOMER2,ZNF364,CAMK2D,RRAS2,PANX1,WNK1,MIDN,RNF115,FOXO1,FOS,FOXO3,MEMO1,RNU4.2,DUSP1,CEBPB,EGR1,RN7SK,FKBP5,XIRP1,ZFP106,LOC401317,ABRA,ZBTB16,LOC642076,OTUD1,SESN1	MUSCLE_TISSUE_DEVELOPMENT	NA	NA
Muscle	M8	1758	2	M2	LOC642828,FLJ43681,TCP1,LOC100131205,PTGES3,LOC100129742,FKBP3,LOC100134504,LOC401537,LOC645157,TXNL1,LOC100131672,LOC653658,AKAP1,LOC100132291,LOC651202,FAM98A,HNRNPA2B1,LOC388707,LOC646527,LOC389293,LOC100132457,LOC644914,LOC100133551,LOC100132761,UBQLN2,UQCRC2,LOC100130070,FYTTD1,LOC728820,CROP,ATP5C1,LOC646900,LOC649946,LOC641848,LOC100129553,LOC728428,LOC338870,DDX17,LOC728484,NAT13,VPS36,LOC389787,LOC389286,GLRX2,ACVR2A,LOC388076,HAT1,SDHD,SUCLA2,LOC731640,RPL4,LOC100130980,LOC388532,LOC347376,COX7B,ADSL,IBTK,LOC100132547,LOC730107,DCTN4,SMARCA2,RPS28,SP4,UBE4A,LOC388621,LOC729208,NDUFAB1,LOC100134273,LOC100134253,LOC389156,MNAT1,PCNA,ACTR6,PRKRA,UBLCP1,LOC441013,LOC100130123,LOC644464,LOC388339,LOC346950,LOC100128410,LOC644511,DLD,LOC284988,TAF9,AGFG1,LOC100129599,HIST2H2AA4,LOC440733,LOC648249,GKAP1,LOC100131261,LOC644907,PSMD14,LOC100132918,ISCA1L,PSIP1,SFRS12,PSMD4	PROTEIN_LOCALIZATION_TO_ENDOPLASMIC_RETICULUM	NA	NA
Muscle	M10	820	2	M2	NEK7,GTF2I,ZNF650,C3orf23,MORC3,LOC644063,FAM10A7,UBR3,ATL2,SCP2,RRM2B,YME1L1,GRINL1A,CLK4,SYNPO2,UNC84A,LOC100131735,RAB4A,LOC728802,HIPK3,LOC100133372,MAP4K3,RPS6KA3,RBM24,LOC731777,LOC100131609,RBMX,STT3B,LOC730167,ARMC8,CSDE1,CFL2,MOCS2,CNOT7,KCMF1,LOC100132797,PSMC4,CLK1,NCOR1,SIRT1,TXNRD1,SYF2,ZFAND6	PROTEASOMAL_PROTEIN_CATABOLIC_PROCESS	NA	NA
Muscle	M11	2623	3	M3	S100A10,VIM,LCP1,CALD1,CYBRD1,PTRF,EBF1,AEBP1,LOC728672,FGR,EFEMP1,MGST1,ITGB2,CAP1,CD81,FSTL1,ABI3BP,CD14,SNCA,MYLK,DPYSL2,ANXA2,TAGLN,SH3BGRL,MYL9,EMP1,MGP,ANXA1,FBLN1,CRIP1,CIDEC,SMAP2,CSF3R,ECM2,COL1A2,CD44,RAC2,PLS3,LOC389223,C14orf173,SLC27A3,PTBP1,ACTG2,CSRP1,ANTXR1,ARPC5,GNAI2,CLIC4,CNN3,TIMP1,RNASE4,ZC3HAV1,TACC1,LOC728755,VKORC1,PDGFRB,COL4A1,CLIC1,BGN,GLIPR2,TNFRSF14,TGFB1I1,SLC25A39,LOC730278,MYADM,LOC100134134,SFRP2,HLA.B,TYROBP,TIMP2,C10orf116,COBLL1,PKD2,TMSL3,EFHD2,ARHGDIA,DDOST,HBQ1,ARHGDIB,TMSB10,PCOLCE2,PEA15,NBL1,PALM,CASP2,THY1,RAB3IP,HBD,CIDEA,COL3A1,AIF1,ARPC3,CAV1,ATP2B4,TGFBR2,LOC440595,LOC645715,LTB,PTPRF,PHGDH,COL6A3,HNRNPH2,DBNL,S100A6,LOC729841,FCN1,DOCK11,ANXA2P1,LOC728453,C2CD2,LOC649150,COL6A1,MFSD10,LOC644604,HCST,PLIN,NFE2,LOC100131164,CD248,TUBA1A,COL5A1,LOC100132499,LOC134997,MYOF,PSMB8,MYH9,PECAM1,MYH11,IFI44,MX1,RAB31,ARHGEF2,FSCN1,GNG11,TMSB4X,SVEP1,WBP5,FASN,CCL5,FKSG30,CDO1,DCN,COL1A1,S100A4,RAB32,MYL6,TAGLN2,SGCE,IRF9,ITPR3,EPAS1,RCC2,SYT11,MFAP4,RAB8B,WAS,EEF1A1,AHSP,PRKCB1,RBPMS2,CCND2,MSN,LOC399748,CCND3,POTEF,GSN,SPRED1,COL6A2,SLC2A3,IFITM3,TUBB1,UBE2L6	EXTRACELLULAR_STRUCTURE_ORGANIZATION	NA	NA
Muscle	M13	2597	3	M4	RNF220,FRS3,PUF60,E4F1,C7orf27,TGOLN2,SPSB3,FLAD1,CCDC21,C6orf136,GAMT,TPD52L2,LOC728969,RNF126,STX5,POLR2F,LOC642489,UBQLN4,ALKBH5,FKBP1A,ARD1A,ZNF672,HPS6,TRABD,NFIX,RBM33,PRR14,STK40,MRPS18A,ARAF,HEXIM2,GRSF1,FOXJ2,JSRP1,SFRS17A,EMD,PSMB6,STX16,CTDSP2,ATP6AP1,STK25,KRTCAP2,LRRC41,RANGAP1,ANAPC11,SRRM1,GPS1,NR2F6,DNAJC24,UBL4A,MRPL27,XRCC6,PKM2,ZC3H5,XAB2,BMS1,BOP1,CDK5RAP1,CIC,KAT2A,PLA2G4B,EVI5L,MYOZ1,SMG5,LOC653103,DDX19A,FAM189B,ASPH,FEM1A,CALM3,CPEB3,BAG3,MRPS11,EXOSC10,C2orf44,RPS15A,TSHZ1,MAF,UBAC2,FBXW4,SMG7,PUM1,HHATL,ZDHHC8,SAMM50,RBM42,CUEDC1,MFSD3,TMEM175,RAF1,ATPGD1,CS,PSMA1,LOC643873,LOC642755,SERTAD2,UBXN1,NAT10,CCDC92,STRADA,ST3GAL3,TOMM40,DHX30,SGSM2,HNRPM,RHOBTB1,SAFB,BCOR,LINGO4,TSPAN17,UBE2L3,ZNF423,UNC13B,FAM39E,CDH15,GALT,SAC3D1,IRS1,CSNK1E,FTSJD2,RGS5,INTS3,FBRS,C19orf62,SLC25A44,STAC3,COPS7B,AFG3L2,DCI,CCDC130,PAF1,R3HCC1,DMAP1,NCOR2,AUP1,QARS,PI4KB,QRICH1,TESK1,C14orf131,DCAF7,LOC653631,AP1B1,RBM10,SDHAF2,C9orf23,STOML2,WDR22,N4BP2L2,THAP11,TMED1	NCRNA_METABOLIC_PROCESS	NA	6.21583913806599e-13
Muscle	M14	2027	3	M4	CDC42BPB,LOC407835,INO80E,LOC286157,LOC100132247,AGPAT1,DES,NDUFS8,GRINA,LDB3,RTN2,VEGFB,KPNA6,ESAM,C10orf71,LOC440353,CNOT1,SMARCC2,TMEM189.UBE2V1,TNRC6A,KIAA0195,LOC728888,CHCHD10,C9orf86,LOC644931,ADCY4,HMGA1,LOC642255,HUWE1,FAM100A,USF2,MAPKAPK2,SNRNP70,LOC440341,GBF1,EGLN2,ACO2,STIM1,LOC440348,SF3B4,CAMK2B,LOC730052,DVL1,CDH5,SCN4A,ADPRHL1,C6orf111,DDA1,HDGF2,LOC728734,SSBP3,DYRK1B,CENPB,DENND4B,OGDH,LOC728787,SMARCD1,NPIP,MTA1,KIAA0460,UBE1,ARAP3,MDC1,MYPOP,EIF4G1,UBA1,FAM125B,BTBD2,PHF1,PLEC1,NCSTN,CHPF,GNA11,MAPK8IP3,ZDHHC9,ZFAND3,ANKRD9,DPH2,NDUFB11,PPAPDC3,TRIM28,PLD3,CLPTM1,OBFC2B,ADAM15,YWHAE,GIMAP6,EPN1,PTOV1,RANBP3,SON,RNF11,PURA,EFEMP2,DUSP8,Magmas,FLII,PHIP,MCRS1,SOX18,SNTA1,ESRRAP2,MRPS18B,DNM2,C1orf117,E2F4,RNF216,MEF2D,NRD1,PIN1,UBR4,SDCCAG1,HRAS,GUSBL1,CMTM8,EIF3D,SMUG1,KIAA0319L,TMUB1,TNPO3,OBSCN,ZBTB4,SUV39H1,WDR68	PROCESS_UTILIZING_AUTOPHAGIC_MECHANISM	NA	NA
Muscle	M15	161	3	M4	ZFAND5,C20orf72,HBP1,PFKFB3,FBXO32,TSPAN8,SEPP1,PIK3IP1,GATS,BAT5,TEX2	STRESS_RESPONSE_TO_METAL_ION	NA	NA
Muscle	M16	149	3	M4	JPH1,PRRG1,EEF2K,LAMP2,FOXJ3,MARCH7	NA	NA	NA
Muscle	M17	154	3	M4	ARGLU1,CCDC14,OGT,BTAF1,RBM5,USP1,WDFY1,ZRANB2,CDKN1A	NA	NA	NA
Muscle	M18	360	3	M4	LOC650975,LOC646783,LOC646869,LOC150051,CYB561,MAGEB6,LOC285205,SLITRK1,LOC653297,PCDHB14,C1orf226,OR10J1,LOC646256,LOC729562,LOC649346,PURG,LOC100132329,LOC400456,LOC729143,OR5AS1,MATK	NA	NA	NA
Muscle	M19	581	3	M5	TRIML1,LOC653720,PSENEN,LOC653635,ZNF576,MED1,CALN1,LOC100134420,LOC100133600,LOC100133478,C14orf174,LOC100132652,HSFYP1,SSX5,FGF23,LOC653034,SLC25A45,PRTN3,LOC641819,NOC4L,LOC100130623,PTPN7,DNA2,SDC3,C20orf62,ZSWIM4,ZNF74,LOC646508,COL8A2,LOC442711,LYPD3,SIGIRR,CHD4,TREX1	NA	NA	NA
Muscle	M24	89	3	M6	ZAK,DNAJA4,CLIP1,SMTNL1	NA	NA	NA
Muscle	M25	52	3	M6	TP63,ASB4	NA	NA	NA
Muscle	M27	92	3	M6	USP15,CAPZA2,RPS6KB1,LOC641942,AGL	NA	NA	NA
Muscle	M28	25	3	M6	IRX5,IGFN1	OUTFLOW_TRACT_MORPHOGENESIS	NA	NA
Muscle	M29	299	3	M7	TNFRSF12A,MUSTN1,XIRP2,HOMER2,ZNF364,CAMK2D,RRAS2,PANX1,WNK1,RNF115,MEMO1,RNU4.2,RN7SK,XIRP1,ZFP106,LOC401317,ABRA,LOC642076	MUSCLE_TISSUE_DEVELOPMENT	NA	NA
Muscle	M30	112	3	M7	MIDN,FOXO1,FOS,FOXO3,CEBPB,EGR1,FKBP5,ZBTB16	POSITIVE_REGULATION_OF_NEURON_DEATH	NA	NA
Muscle	M31	174	3	M8	LOC100131205,LOC645157,LOC338870,LOC100131672,LOC731640,LOC389156,LOC388621,LOC346950	NUCLEAR_TRANSCRIBED_MRNA_CATABOLIC_PROCESS_NONSENSE_MEDIATED_DECAY	NA	NA
Muscle	M32	383	3	M8	LOC642828,FLJ43681,LOC100132291,LOC100130070,LOC653658,LOC100129742,LOC651202,LOC388076,LOC100132547,LOC389787,DDX17,LOC100134273,LOC347376,LOC729340,LOC100129028,LOC646688,RG9MTD1	TRANSLATIONAL_INITIATION	NA	NA
Muscle	M33	64	3	M8	PTGES3	NA	NA	NA
Muscle	M35	55	3	M8	LOC100133551,LOC389286,LOC100132761,LOC100134253,LOC100130123	NA	NA	NA
Muscle	M36	15	3	M8	CCNY	NA	NA	NA
Muscle	M37	13	3	M8	HIST2H2AA4	NA	NA	NA
Muscle	M39	97	3	M8	LOC100134504,LOC646527,LOC649946,LOC728484,LOC641848	NA	NA	NA
Muscle	M41	30	3	M8	LOC728820	ESTABLISHMENT_OF_PROTEIN_LOCALIZATION_TO_MEMBRANE	NA	NA
Muscle	M42	50	3	M8	LOC100132457,GLRX2	RESPONSE_TO_TEMPERATURE_STIMULUS	NA	NA
Muscle	M43	12	3	M8	LOC100132037,LOC389676	NA	NA	NA
Muscle	M44	34	3	M8	LOC100129553	NA	NA	NA
Muscle	M45	17	3	M8		PROTEIN_LOCALIZATION_TO_ENDOPLASMIC_RETICULUM	NA	NA
Muscle	M46	27	3	M8	LOC728428,LOC440733,LOC644907,FBL	NA	NA	NA
Muscle	M47	86	3	M8	ATP5C1,UQCRC2,SUCLA2,SDHD,NDUFAB1,DLD	CELLULAR_RESPIRATION	NA	NA
Muscle	M48	148	3	M8	TCP1,TXNL1,LOC646900,LOC389293,PSMD14,LOC100132918,HAT1,TAF9,MMADHC	PROTEIN_STABILIZATION	NA	NA
Muscle	M49	92	3	M8	FKBP3,LOC644914,IBTK,MRPL1	TRANSLATIONAL_ELONGATION	NA	NA
Muscle	M51	37	3	M8	DCTN4,ZFR	NA	NA	NA
Muscle	M52	51	3	M8	HNRNPA2B1,CROP,SP4	NA	0.0205989211518857	NA
Muscle	M53	38	3	M8	FYTTD1	NA	NA	NA
Muscle	M54	21	3	M8	UBE4A	NA	NA	NA
Muscle	M55	19	3	M8	VPS36	REGULATION_OF_MRNA_PROCESSING	NA	NA
Muscle	M56	56	3	M8	UBQLN2,ACVR2A,SMARCA2	NA	NA	NA
Muscle	M57	26	3	M8	UBLCP1,ACTR6	NA	NA	NA
Muscle	M59	12	3	M9	NCRNA00219,TIGA1	NA	NA	NA
Muscle	M60	21	3	M9	LOC100132717	NA	NA	0.0114359646631056
Muscle	M64	19	3	M9	SPAG7,FIT1	NA	NA	NA
Muscle	M65	47	3	M9	SERF2,ATOX1	NA	NA	NA
Muscle	M69	13	3	M9	C6orf66	NA	NA	NA
Muscle	M70	12	3	M9	ACAA2	NA	NA	NA
Muscle	M71	20	3	M9	NDUFA8	MITOCHONDRIAL_TRANSLATIONAL_TERMINATION	NA	0.00841515187467033
Muscle	M72	51	3	M9	MLYCD,SLC25A20	FATTY_ACID_CATABOLIC_PROCESS	NA	NA
Muscle	M73	26	3	M9	BCKDHA,TUSC4	REGULATION_OF_CHOLESTEROL_BIOSYNTHETIC_PROCESS	NA	NA
Muscle	M74	45	3	M9	NDUFB2	NA	NA	NA
Muscle	M75	21	3	M9	BDH1	SMALL_MOLECULE_CATABOLIC_PROCESS	NA	NA
Muscle	M76	29	3	M9	KIAA0391,PPIL1	NA	NA	NA
Muscle	M79	80	3	M10	SCP2,RAB4A,GRINL1A,MOCS2,LOC100132797,PRDX3	NA	NA	NA
Muscle	M81	85	3	M10	ZNF650,UBR3	NA	NA	NA
Muscle	M82	44	3	M10	LOC100131735,RBMX,SYF2	IMP_BIOSYNTHETIC_PROCESS	NA	NA
Muscle	M83	94	3	M10	GTF2I,FAM10A7,CNOT7,KCMF1	NA	NA	NA
Muscle	M84	40	3	M10	LOC100131609,LOC100133372	RESPONSE_TO_ARSENIC_CONTAINING_SUBSTANCE	NA	NA
Muscle	M85	32	3	M10	LOC728802,SYNPO2	NA	NA	NA
Muscle	M86	22	3	M10	LOC643668	REGULATION_OF_TRANSCRIPTION_FROM_RNA_POLYMERASE_II_PROMOTER_IN_RESPONSE_TO_HYPOXIA	NA	NA
Muscle	M87	185	3	M10	NEK7,RRM2B,LOC644063,STT3B,CSDE1	POSITIVE_REGULATION_OF_TELOMERE_MAINTENANCE	NA	NA
Muscle	M88	80	3	M10	C3orf23,ARMC8,CFL2,ZFAND6	NA	NA	NA
Muscle	M89	114	3	M10	MORC3,ATL2,UNC84A,MAP4K3	NA	NA	NA
Muscle	M90	30	3	M10	CLK4,SIRT1	REGULATION_OF_CELLULAR_RESPONSE_TO_HEAT	NA	NA
Muscle	M91	355	4	M11	LCP1,FGR,ITGB2,SMAP2,RAC2,CSF3R,TNFRSF14,HLA.B,EFHD2,ARHGDIB,LTB,AIF1,FCN1,TYROBP,HCST,PSMB8,CCL5,IRF9,WAS	T_CELL_ACTIVATION	NA	NA
Muscle	M92	122	4	M11	SNCA,SLC25A39,HBD,HBQ1,LOC728453,LOC100131164,LOC100132499	OXYGEN_TRANSPORT	NA	NA
Muscle	M93	905	4	M11	VIM,CYBRD1,CALD1,LOC728672,CAP1,ABI3BP,DPYSL2,EFEMP1,SH3BGRL,MGP,FBLN1,MYLK,ECM2,PLS3,LOC389223,ANTXR1,ARPC5,GNAI2,CLIC4,CNN3,RNASE4,TACC1,PDGFRB,LOC730278,TIMP2,PKD2,ARHGDIA,CAV1,ATP2B4,TMSL3,LOC440595,LOC645715,ANXA2P1,LOC649150,LOC644604,LOC134997,MYH9,PECAM1,IFI44,MX1,GNG11,SVEP1,ANXA1,FKSG30,CDO1,DCN,EPAS1,MFAP4,RAB8B,EEF1A1,LOC399748,POTEF,GSN,SPRED1,IFITM3,LOC439953,IFITM2,C1S,GPR116,VAT1,TRAM1	EXTRACELLULAR_STRUCTURE_ORGANIZATION	0.000497148373511017	NA
Muscle	M94	96	4	M11	MGST1,CIDEC,CIDEA,PLIN,FASN	FATTY_ACYL_COA_BIOSYNTHETIC_PROCESS	NA	NA
Muscle	M95	236	4	M11	AEBP1,TAGLN,CRIP1,ACTG2,MYL9,BGN,TGFB1I1,SFRP2,CSRP1,MYOF,MYH11,RAB31,THY1	CELL_SUBSTRATE_ADHESION	NA	NA
Muscle	M96	319	4	M11	PTRF,EBF1,CD81,C14orf173,SLC27A3,PTBP1,ZC3HAV1,VKORC1,NBL1,PALM,CASP2,TGFBR2,DBNL,MFSD10,ARHGEF2,ITPR3,RCC2,SYT11,PHGDH,COBLL1	NA	NA	NA
Muscle	M97	399	4	M11	S100A10,FSTL1,ANXA2,EMP1,CD44,CD14,TIMP1,COL4A1,CLIC1,GLIPR2,MYADM,LOC100134134,TMSB10,PEA15,S100A6,CD248,TUBA1A,FSCN1,TMSB4X,WBP5,MYL6,TAGLN2,S100A4,MSN,RAB32,SGCE	NA	NA	NA
Muscle	M98	79	4	M11	COL1A2,COL6A3,COL6A1,COL3A1,COL5A1	EXTRACELLULAR_STRUCTURE_ORGANIZATION	NA	NA
Muscle	M99	52	4	M11	LOC728755,RAB3IP	NA	NA	NA
Muscle	M100	58	4	M11	ARPC3,DDOST,HNRNPH2,LOC729841	NA	NA	NA
Muscle	M106	73	4	M13	C6orf136	XENOBIOTIC_CATABOLIC_PROCESS	NA	0.032798291981026
Muscle	M107	24	4	M13	DCAF7	NA	NA	NA
Muscle	M109	144	4	M13	C7orf27,PRR14,KAT2A,ZC3H5,RBM10	NA	NA	NA
Muscle	M110	55	4	M13	CCDC21,LOC100133923	NA	NA	0.00695381328805033
Muscle	M111	129	4	M13	FRS3,SGSM2,SFRS17A	NA	NA	NA
Muscle	M112	19	4	M13	SCRIB,IGF2R	NA	NA	NA
Muscle	M114	535	4	M13	RNF220,HPS6,LOC728969,FOXJ2,RANGAP1,TRABD,EMD,RNF126,MYOZ1,DDX19A,ARD1A,C2orf44,LOC642489,CUEDC1,RAF1,FKBP1A,NR2F6,LRRC41,QRICH1,TESK1,AP1B1	PROTEASOMAL_PROTEIN_CATABOLIC_PROCESS	NA	NA
Muscle	M115	80	4	M13	E4F1,DNAJC24	NA	NA	NA
Muscle	M116	79	4	M13	TGOLN2,RBM42	NA	NA	NA
Muscle	M118	86	4	M13	SPSB3,STOML2,DMAP1	NA	NA	NA
Muscle	M120	10	4	M13	RAB7A,FAM53C	NA	NA	NA
Muscle	M123	30	4	M13	UBXN1,BOP1,GPS1	RIBOSOME_BIOGENESIS	NA	0.00662889478571591
Muscle	M124	14	4	M13	AUP1	NA	NA	NA
Muscle	M125	10	4	M13		NA	NA	0.0491868412632772
Muscle	M126	24	4	M13	NFIX,SMG7,SP2	REGULATION_OF_GLUCONEOGENESIS	NA	NA
Muscle	M127	18	4	M13	CIRH1A	RIBONUCLEOPROTEIN_COMPLEX_BIOGENESIS	NA	NA
Muscle	M128	18	4	M13	CPEB3,PRKCQ,RAVER2	NA	NA	NA
Muscle	M129	29	4	M13	EXOSC10,RBM33	NA	NA	NA
Muscle	M132	28	4	M13	SRRM1	MRNA_EXPORT_FROM_NUCLEUS	NA	NA
Muscle	M133	47	4	M13	TPD52L2,ATP6AP1,ASPH	NA	NA	NA
Muscle	M134	12	4	M13	C14orf131,LOC100129550	NA	NA	NA
Muscle	M136	47	4	M13	STX5,CCDC130	NA	NA	NA
Muscle	M137	50	4	M13	FEM1A,LOC642755,CALM3,WDR22	NA	NA	NA
Muscle	M138	25	4	M13	XRCC6	RRNA_CONTAINING_RIBONUCLEOPROTEIN_COMPLEX_EXPORT_FROM_NUCLEUS	NA	NA
Muscle	M140	19	4	M13	STAC3	POSITIVE_REGULATION_OF_MEMBRANE_PROTEIN_ECTODOMAIN_PROTEOLYSIS	NA	NA
Muscle	M141	31	4	M13	POLR2F	ESTABLISHMENT_OF_PROTEIN_LOCALIZATION_TO_MITOCHONDRIAL_MEMBRANE	NA	NA
Muscle	M147	30	4	M13	CIC,FBRS,SAC3D1	NA	NA	NA
Muscle	M148	23	4	M13	IRS1	NA	NA	NA
Muscle	M151	15	4	M13	TMEM182	NA	NA	NA
Muscle	M152	17	4	M13	ARL6IP4,MAPBPIP	NUCLEOSIDE_PHOSPHATE_METABOLIC_PROCESS	NA	NA
Muscle	M154	19	4	M13	PSMA1,TAX1BP1	REGULATION_OF_CELLULAR_AMINO_ACID_METABOLIC_PROCESS	NA	NA
Muscle	M157	28	4	M13	PKM2,SERTAD2	MODULATION_OF_MOLECULAR_FUNCTION_IN_OTHER_ORGANISM	0.0450199514551156	NA
Muscle	M160	17	4	M13	PLA2G4B	NA	NA	NA
Muscle	M162	12	4	M13	ZNF423	NA	NA	NA
Muscle	M163	14	4	M13	KRTCAP2	NA	NA	NA
Muscle	M165	12	4	M13	N4BP2L2,LARP4B	NA	NA	NA
Muscle	M169	12	4	M14	LOC100008588	NA	NA	NA
Muscle	M173	16	4	M14	RNF11,RDX	NA	NA	NA
Muscle	M174	13	4	M14		NA	NA	NA
Muscle	M176	22	4	M14	CNOT1	NA	NA	NA
Muscle	M177	36	4	M14	SMARCC2	NA	NA	NA
Muscle	M178	310	4	M14	CDC42BPB,GRINA,TNRC6A,MTA1,CENPB,CHPF,SSBP3,PLD3,TRIM28,E2F4,RNF216,HUWE1,MAP1S,ZBTB4	NUCLEAR_TRANSCRIBED_MRNA_POLY_A_TAIL_SHORTENING	NA	NA
Muscle	M179	76	4	M14	AGPAT1,C9orf86,CLPTM1	NA	NA	NA
Muscle	M180	351	4	M14	LOC407835,RTN2,KIAA0195,KPNA6,LDB3,GBF1,DVL1,ADPRHL1,LOC728787,STIM1,HMGA1,USF2,EGLN2,OGDH,OBFC2B,PHF1	RETROGRADE_VESICLE_MEDIATED_TRANSPORT_GOLGI_TO_ENDOPLASMIC_RETICULUM	NA	NA
Muscle	M182	100	4	M14	INO80E,LOC642255,FAM100A,SDCCAG1,LMOD2,PPDPF	NA	NA	NA
Muscle	M183	14	4	M14	LOC728734	NA	NA	NA
Muscle	M184	57	4	M14	LOC286157,ZDHHC9	NA	NA	NA
Muscle	M185	22	4	M14	UBA1	NA	NA	NA
Muscle	M186	53	4	M14	DES,EIF4G1,ZFAND3,UBR4	NA	NA	NA
Muscle	M187	17	4	M14	HRAS	NA	NA	NA
Muscle	M188	37	4	M14	ESAM	SPROUTING_ANGIOGENESIS	NA	NA
Muscle	M189	49	4	M14	VEGFB,C6orf111,EFEMP2	NA	NA	NA
Muscle	M192	11	4	M14	MSH6,KIAA0240	NA	NA	NA
Muscle	M194	10	4	M14	ZNF337	NA	NA	NA
Muscle	M195	36	4	M14	SF3B4,SNRNP70	MISMATCH_REPAIR	NA	NA
Muscle	M196	39	4	M14	CDH5,GIMAP6	NA	NA	NA
Muscle	M197	32	4	M14	DENND4B	SELECTIVE_AUTOPHAGY	NA	NA
Muscle	M199	40	4	M14	ADCY4	ENDOTHELIUM_DEVELOPMENT	NA	NA
Muscle	M200	11	4	M14	LOC728499	NA	NA	NA
Muscle	M204	30	4	M14	ACO2	TRICARBOXYLIC_ACID_CYCLE	NA	NA
Muscle	M205	19	4	M14	SCN4A	NA	NA	NA
Muscle	M206	23	4	M14	EPN1	NA	NA	NA
Muscle	M207	18	4	M14	TNPO3,STUB1,KLC1	NA	NA	NA
Muscle	M208	28	4	M14	MCRS1,SLC29A2	NA	NA	0.0161185671325701
Muscle	M209	12	4	M14	CACNA1S	NA	NA	NA
Muscle	M210	23	4	M14	CAMK2B,EIF3D	NA	NA	NA
Muscle	M211	10	4	M14	LOC730284	NA	NA	NA
Muscle	M212	30	4	M14	MDC1,SON,PHIP	NA	NA	NA
Muscle	M213	16	4	M14	PTOV1	NA	NA	NA
Muscle	M214	17	4	M14	MYPOP,ADCY9	NA	NA	NA
Muscle	M215	13	4	M14	WDR68,BRWD1	NA	NA	NA
Muscle	M221	51	4	M15	HBP1,SEPP1,TEX2,TSPAN8	NA	NA	NA
Muscle	M222	74	4	M15	ZFAND5,C20orf72,FBXO32,GATS	NA	NA	NA
Muscle	M224	21	4	M15	PIK3IP1	NA	NA	NA
Muscle	M225	15	4	M16	RIF1	NA	NA	NA
Muscle	M226	20	4	M16	JPH1	NA	NA	NA
Muscle	M227	40	4	M16	EEF2K	REGULATION_OF_ACTIN_FILAMENT_ORGANIZATION	NA	NA
Muscle	M228	25	4	M16	LAMP2,MARCH7	GOLGI_RIBBON_FORMATION	NA	NA
Muscle	M229	18	4	M16	FBXO11	NA	NA	NA
Muscle	M230	14	4	M16	PRRG1	NA	NA	NA
Muscle	M234	133	4	M17	ARGLU1,CCDC14,OGT,BTAF1,RBM5,USP1,WDFY1,ZRANB2	NA	NA	NA
Muscle	M235	129	4	M18	LOC650975,LOC729562,OR10J1,MATK,LOC285205,CTDSPL2,C10orf12	NA	NA	NA
Muscle	M236	71	4	M18	LOC646783,LOC649346,SLITRK1,PCDHB14	NA	NA	NA
Muscle	M237	16	4	M18	LOC729143,CTRB2	NA	NA	NA
Muscle	M238	30	4	M18	LOC646869,C1orf226	NA	NA	NA
Muscle	M239	32	4	M18	LOC653297,PURG,MGC39584	KINETOCHORE_ASSEMBLY	NA	NA
Muscle	M240	40	4	M18	LOC150051,LOC652115	VACUOLAR_ACIDIFICATION	NA	NA
Muscle	M241	28	4	M18	CYB561,LOC728660	NA	NA	NA
Muscle	M243	240	4	M19	TRIML1,ZNF576,CALN1,HSFYP1,LOC653034,LOC100134420,LOC641819,C14orf174,SLC25A45,ZNF74,MED1,COL8A2,PTPN7,PRTN3,NOC4L,RAMP2	NA	NA	NA
Muscle	M246	92	4	M19	LOC653720,LOC100132652,LOC100130623	NEGATIVE_REGULATION_OF_MACROPHAGE_MIGRATION	NA	NA
Muscle	M254	14	4	M22	SHISA2,OSBP	NA	NA	0.00584115431947581
Muscle	M255	27	4	M22	CCNG1,MSTN,NEDD1	NA	NA	0.00306530766034271
Muscle	M257	61	4	M23	MYL3,TPM3,HYAL2,CYB5R1	MUSCLE_FILAMENT_SLIDING	0.00109730751077015	NA
Muscle	M258	18	4	M23	AQP7P1,LOC100132938	NA	NA	NA
Muscle	M265	27	4	M23	GPT2	2_OXOGLUTARATE_METABOLIC_PROCESS	NA	NA
Muscle	M266	16	4	M23	PFN2	NA	NA	NA
Muscle	M267	34	4	M24	ZAK	NA	NA	NA
Muscle	M268	29	4	M24	DNAJA4	MITOTIC_NUCLEAR_ENVELOPE_REASSEMBLY	NA	NA
Muscle	M269	24	4	M24	CLIP1,PTPN11	NA	NA	NA
Muscle	M270	19	4	M25	TP63	NA	NA	NA
Muscle	M271	19	4	M25	LOC645381	NA	NA	NA
Muscle	M280	17	4	M27	LOC641942,CASQ1	NA	NA	NA
Muscle	M281	52	4	M27	USP15,RPS6KB1,C1orf218,LOC730432	NA	NA	NA
Muscle	M282	23	4	M27	CAPZA2	NA	NA	NA
Muscle	M283	13	4	M28	IRX5,PITX1	NA	NA	NA
Muscle	M285	115	4	M29	TNFRSF12A,ZNF364,RNF115,PANX1	STRIATED_MUSCLE_CONTRACTION	NA	NA
Muscle	M286	121	4	M29	HOMER2,XIRP2,MUSTN1,WNK1,CAMK2D,MEMO1,ZFP106	CARDIAC_CELL_DEVELOPMENT	NA	NA
Muscle	M287	27	4	M29	RNU4.2,RN7SK	NA	NA	NA
Muscle	M288	36	4	M29	ABRA,DNAJB4,TSC22D2	NA	NA	NA
Muscle	M289	26	4	M30	FOS,EGR1	POSITIVE_REGULATION_OF_NEURON_DEATH	NA	NA
Muscle	M290	26	4	M30	CEBPB	REGULATION_OF_MYELOID_CELL_DIFFERENTIATION	NA	NA
Muscle	M291	17	4	M30	MIDN,FKBP5	NA	NA	NA
Muscle	M292	19	4	M30	FOXO1,BRPF1	NA	NA	NA
Muscle	M294	16	4	M30	LGR5	NA	NA	NA
Muscle	M296	78	4	M31	LOC645157,LOC731640,LOC100131672	NUCLEAR_TRANSCRIBED_MRNA_CATABOLIC_PROCESS_NONSENSE_MEDIATED_DECAY	NA	NA
Muscle	M297	24	4	M31	LOC389156	NA	NA	NA
Muscle	M298	55	4	M31	LOC100131205,LOC338870	NA	NA	NA
Muscle	M300	16	4	M32		NA	NA	NA
Muscle	M301	358	4	M32	LOC642828,FLJ43681,LOC100132291,LOC100130070,LOC653658,LOC100129742,LOC651202,LOC388076,LOC100132547,LOC389787,DDX17,LOC100134273,LOC347376,LOC729340,LOC100129028,LOC646688,RG9MTD1	TRANSLATIONAL_INITIATION	0.0216356934363456	NA
Muscle	M304	52	4	M33	PTGES3	NA	NA	NA
Muscle	M305	15	4	M35	LOC100132761,SATL1	NA	NA	NA
Muscle	M306	33	4	M35	LOC389286,LOC100133551,LOC100134253,LOC100130123	NA	NA	0.00348592131238144
Muscle	M308	19	4	M38		NA	NA	0.0308406795091951
Muscle	M309	14	4	M38	EIF3I	NA	NA	NA
Muscle	M311	65	4	M39	LOC646527,LOC100134504,LOC641848	NA	NA	NA
Muscle	M312	19	4	M42	LOC100130003,LOC100132457	RESPONSE_TO_HEAT	NA	NA
Muscle	M313	14	4	M42	TUBB2C	NA	NA	NA
Muscle	M314	16	4	M42	GLRX2,CDC26	NA	NA	NA
Muscle	M315	25	4	M44	LOC100129553	NA	NA	NA
Muscle	M319	20	4	M46	LOC728428,LOC440733	PROTEIN_TARGETING	NA	NA
Muscle	M321	21	4	M47	NDUFAB1,FH,UQCRHL	CELLULAR_RESPIRATION	NA	NA
Muscle	M323	55	4	M48	TCP1	POSITIVE_REGULATION_OF_ESTABLISHMENT_OF_PROTEIN_LOCALIZATION_TO_TELOMERE	NA	NA
Muscle	M324	37	4	M48	TXNL1,LOC389293	NA	NA	NA
Muscle	M325	32	4	M48	LOC646900	NA	NA	NA
Muscle	M326	10	4	M48	LOC100132918	NA	NA	NA
Muscle	M327	11	4	M48	C2orf25,MMADHC	NA	NA	NA
Muscle	M328	62	4	M49	FKBP3,IBTK	NA	NA	NA
Muscle	M329	29	4	M49	LOC644914	NA	NA	NA
Muscle	M330	12	4	M51	OSTC	NA	NA	0.00232403880296014
Muscle	M331	20	4	M51	DCTN4,AGFG1,ZFR	REGULATION_OF_TOLERANCE_INDUCTION	NA	NA
Muscle	M332	32	4	M52	HNRNPA2B1,CROP	NA	0.00814109026300693	NA
Muscle	M334	10	4	M52	SP4	NA	NA	NA
Muscle	M335	12	4	M53	SUMO2	NA	NA	NA
Muscle	M338	16	4	M56	SMARCA2	NA	NA	NA
Muscle	M339	30	4	M56	UBQLN2,PSIP1	NA	NA	NA
Muscle	M341	14	4	M57	ACTR6	NA	NA	NA
Muscle	M347	25	4	M62	MDH1	ELECTRON_TRANSPORT_CHAIN	NA	NA
Muscle	M352	11	4	M66	COX17	NA	NA	NA
Muscle	M357	12	4	M68	LOC402175	NA	NA	0.00232403880296014
Muscle	M363	16	4	M72	SLC25A20,PREB	NEUTRAL_LIPID_METABOLIC_PROCESS	NA	NA
Muscle	M364	27	4	M72	MLYCD	FATTY_ACID_CATABOLIC_PROCESS	NA	NA
Muscle	M365	11	4	M73	BCKDHA,POLD2	NA	NA	NA
Muscle	M367	33	4	M74	NDUFB2	NA	NA	NA
Muscle	M370	11	4	M75	TST	NA	NA	NA
Muscle	M371	10	4	M75	BDH1	NA	NA	NA
Muscle	M374	50	4	M79	SCP2,MOCS2,GRINL1A	NA	NA	NA
Muscle	M376	19	4	M79	RAB4A	GENETIC_IMPRINTING	NA	NA
Muscle	M377	24	4	M82	LOC100131735,RBMX	REGULATION_OF_ISOTYPE_SWITCHING	NA	NA
Muscle	M381	27	4	M83	CNOT7,FAM10A7	NA	NA	NA
Muscle	M382	66	4	M83	GTF2I,KCMF1	NA	NA	NA
Muscle	M383	27	4	M84	LOC100131609,LOC100133372	NA	NA	NA
Muscle	M387	170	4	M87	NEK7,RRM2B,LOC644063,CSDE1	POSITIVE_REGULATION_OF_TELOMERE_MAINTENANCE	NA	NA
Muscle	M389	65	4	M88	C3orf23,CFL2,ZFAND6	NA	NA	NA
Muscle	M390	14	4	M88	ARMC8,STXBP3	NA	NA	NA
Muscle	M391	24	4	M89	ATL2	NA	NA	NA
Muscle	M392	60	4	M89	MORC3,MAP4K3,CLK1	NA	NA	NA
Muscle	M394	240	5	M91	LCP1,FGR,ITGB2,RAC2,CSF3R,EFHD2,LTB,AIF1,FCN1,TYROBP,HCST,CCL5,WAS,PRKCB1,SLC2A3,TUBB1	LEUKOCYTE_MIGRATION	NA	NA
Muscle	M395	55	5	M91	SMAP2,TNFRSF14,ARHGDIB	REGULATION_OF_CELL_SHAPE	NA	NA
Muscle	M397	95	5	M92	SNCA,SLC25A39,HBD,HBQ1,LOC100131164,LOC728453	OXYGEN_TRANSPORT	NA	NA
Muscle	M402	43	5	M93	LOC649150,LOC440595	NA	NA	NA
Muscle	M403	104	5	M93	CAP1,MYH9,PECAM1,FKSG30,GNG11	SUBSTRATE_DEPENDENT_CELL_MIGRATION_CELL_EXTENSION	NA	NA
Muscle	M404	103	5	M93	CALD1,MYLK,PLS3,SH3BGRL,CLIC4	CELL_MATRIX_ADHESION	NA	NA
Muscle	M405	24	5	M93	IFI44,MX1	RESPONSE_TO_VIRUS	NA	NA
Muscle	M406	87	5	M93	VIM,TIMP2,GSN,VAT1	NA	NA	NA
Muscle	M408	141	5	M93	CYBRD1,FBLN1,RNASE4,MGP,EFEMP1,CDO1,DCN,MFAP4	EXTRACELLULAR_STRUCTURE_ORGANIZATION	NA	NA
Muscle	M409	101	5	M93	ABI3BP,ECM2,PKD2,ANTXR1,CNN3,SVEP1	EXTRACELLULAR_STRUCTURE_ORGANIZATION	NA	NA
Muscle	M410	51	5	M93	ARPC5,RAB8B	NA	NA	NA
Muscle	M411	60	5	M93	DPYSL2,TACC1	NA	NA	NA
Muscle	M412	31	5	M93	ARHGDIA	NA	NA	NA
Muscle	M413	11	5	M93	FAM13B	NA	NA	NA
Muscle	M414	24	5	M93	PDGFRB	CARDIAC_MUSCLE_CELL_ACTION_POTENTIAL_INVOLVED_IN_CONTRACTION	NA	NA
Muscle	M415	27	5	M94	CIDEC,CIDEA	FATTY_ACYL_COA_BIOSYNTHETIC_PROCESS	NA	NA
Muscle	M417	217	5	M95	AEBP1,TAGLN,CRIP1,ACTG2,MYL9,BGN,TGFB1I1,SFRP2,CSRP1,MYOF,MYH11,RAB31,THY1	REGULATION_OF_BODY_FLUID_LEVELS	NA	NA
Muscle	M418	19	5	M95	KCNE1L,MATN2	ADHERENS_JUNCTION_ORGANIZATION	NA	NA
Muscle	M419	95	5	M96	PTRF,C14orf173,SLC27A3,CASP2,VKORC1	SEX_DIFFERENTIATION	NA	NA
Muscle	M420	88	5	M96	EBF1,TGFBR2,PALM,PHGDH,COBLL1	NA	NA	NA
Muscle	M421	44	5	M96	CD81	NA	NA	NA
Muscle	M422	37	5	M96	ZC3HAV1,RCC2	NA	NA	NA
Muscle	M423	20	5	M96	DBNL,ERP29	NA	NA	NA
Muscle	M424	31	5	M96	PTBP1,RAB2B	NEGATIVE_REGULATION_OF_EPIDERMAL_GROWTH_FACTOR_ACTIVATED_RECEPTOR_ACTIVITY	NA	NA
Muscle	M425	344	5	M97	S100A10,FSTL1,ANXA2,EMP1,CD44,CD14,TIMP1,GLIPR2,CLIC1,MYADM,PEA15,S100A6,CD248,TUBA1A,WBP5,TMSB10,TAGLN2,S100A4,MSN,RAB32,SGCE,TMSB4X	REGULATION_OF_CELL_MORPHOGENESIS	NA	NA
Muscle	M426	42	5	M97	COL4A1,LOC100134134,FSCN1	EXTRACELLULAR_STRUCTURE_ORGANIZATION	NA	NA
Muscle	M427	13	5	M97	LOC730254,LOC100132894	NA	NA	NA
Muscle	M428	24	5	M98	COL3A1,COL5A1,COL5A2	COLLAGEN_FIBRIL_ORGANIZATION	NA	NA
Muscle	M429	31	5	M98	COL1A2,COL6A1,COL6A2	PROTEIN_HETEROTRIMERIZATION	NA	NA
Muscle	M431	12	5	M98	LUM	NA	NA	NA
Muscle	M433	13	5	M100	ARPC3,LOC729841	NA	NA	NA
Muscle	M434	21	5	M100	DDOST,ZNF33B	NA	NA	NA
Muscle	M435	13	5	M100	HNRNPH2	NA	NA	NA
Muscle	M436	11	5	M100	LOC440093,CDK2AP1	NA	NA	NA
Muscle	M448	62	5	M106	C6orf136	NA	NA	NA
Muscle	M453	109	5	M109	C7orf27	NA	NA	NA
Muscle	M458	48	5	M110	CCDC21	NA	NA	0.00651283936605835
Muscle	M461	14	5	M112	SCRIB,IGF2R	NA	NA	NA
Muscle	M462	453	5	M114	RNF220,LOC728969,HPS6,FOXJ2,RNF126,DDX19A,LOC642489,RANGAP1,ARD1A,CUEDC1,RAF1,FKBP1A,EMD,C2orf44,LRRC41,QRICH1,TESK1,AP1B1	PROTEASOMAL_PROTEIN_CATABOLIC_PROCESS	NA	NA
Muscle	M468	67	5	M115	E4F1	NA	NA	NA
Muscle	M471	118	5	M121	PUF60,BMS1,ZNF672	POSITIVE_REGULATION_OF_MITOCHONDRION_ORGANIZATION	NA	0.000438479021437217
Muscle	M480	16	5	M123	UBXN1	NA	NA	0.0119549968475775
Muscle	M488	13	5	M129	EXOSC10	NA	NA	NA
Muscle	M490	23	5	M132	SRRM1	MRNA_EXPORT_FROM_NUCLEUS	NA	NA
Muscle	M492	17	5	M133	ASPH	NA	NA	NA
Muscle	M493	10	5	M133	ATP6AP1	NA	NA	NA
Muscle	M495	19	5	M137	FEM1A	NA	NA	NA
Muscle	M500	10	5	M138	RAN	NA	NA	NA
Muscle	M501	15	5	M138	XRCC6	NA	NA	NA
Muscle	M503	11	5	M140	PRPS1	NA	NA	NA
Muscle	M505	25	5	M141	POLR2F	ESTABLISHMENT_OF_PROTEIN_LOCALIZATION_TO_MITOCHONDRIAL_MEMBRANE	NA	NA
Muscle	M511	11	5	M148	IRS1	NA	NA	NA
Muscle	M515	11	5	M154	PSMA1	POSITIVE_REGULATION_OF_CANONICAL_WNT_SIGNALING_PATHWAY	NA	NA
Muscle	M518	13	5	M157	SERTAD2	NA	NA	NA
Muscle	M519	12	5	M160	PLA2G4B	NA	NA	NA
Muscle	M533	241	5	M178	CDC42BPB,GRINA,MTA1,TNRC6A,SSBP3,PLD3,RNF216,HUWE1,CENPB,TRIM28,ZBTB4	NUCLEAR_TRANSCRIBED_MRNA_POLY_A_TAIL_SHORTENING	NA	NA
Muscle	M537	34	5	M179	AGPAT1,SUV39H1	NA	NA	NA
Muscle	M539	15	5	M179	CLPTM1	NA	NA	NA
Muscle	M541	265	5	M180	LOC407835,LDB3,KPNA6,KIAA0195,HMGA1,LOC728787,USF2,RTN2,GBF1,DVL1,OGDH,STIM1,OBFC2B,PHF1	RETROGRADE_VESICLE_MEDIATED_TRANSPORT_GOLGI_TO_ENDOPLASMIC_RETICULUM	NA	NA
Muscle	M551	76	5	M182	INO80E,LOC642255	NA	NA	NA
Muscle	M556	38	5	M186	DES,ZFAND3,UBR4	NA	NA	NA
Muscle	M557	12	5	M188	ID1	NA	NA	NA
Muscle	M558	25	5	M188	ESAM	SPROUTING_ANGIOGENESIS	NA	NA
Muscle	M560	18	5	M189	C6orf111	NA	NA	NA
Muscle	M561	11	5	M189	EFEMP2	NA	NA	NA
Muscle	M568	11	5	M195	SNRNP70	NA	NA	NA
Muscle	M569	14	5	M196	CDH5,SH2D3C	INOSITOL_PHOSPHATE_BIOSYNTHETIC_PROCESS	NA	NA
Muscle	M570	14	5	M196	GIMAP6,CMTM8	NA	NA	NA
Muscle	M572	21	5	M197	DENND4B	SELECTIVE_AUTOPHAGY	NA	NA
Muscle	M576	13	5	M206	BTBD2,EPN1	NA	NA	NA
Muscle	M577	10	5	M206	TMUB1,VPS4A	NA	NA	NA
Muscle	M578	16	5	M208	SLC29A2,PPAPDC3	POSITIVE_REGULATION_OF_HISTONE_DEACETYLATION	NA	NA
Muscle	M579	12	5	M208	ATXN7L2	NA	NA	NA
Muscle	M583	11	5	M210	EIF3D	NA	NA	NA
Muscle	M585	16	5	M212	MDC1	NA	NA	NA
Muscle	M586	15	5	M221	HBP1	NA	NA	NA
Muscle	M588	11	5	M221	TEX2,SBK1	NA	NA	NA
Muscle	M590	10	5	M221	RBM20,SLC4A4	NA	NA	NA
Muscle	M591	14	5	M224	PIK3IP1	EPITHELIAL_TUBE_BRANCHING_INVOLVED_IN_LUNG_MORPHOGENESIS	NA	NA
Muscle	M595	12	5	M229	FBXO11	NA	NA	NA
Muscle	M597	86	5	M234	ARGLU1,CCDC14,OGT,BTAF1,WDFY1	NA	NA	NA
Muscle	M598	32	5	M234	RBM5	REGULATION_OF_PINOCYTOSIS	NA	NA
Muscle	M599	14	5	M234	ACBD3	NA	NA	NA
Muscle	M600	59	5	M236	LOC646783,LOC649346,SLITRK1	NA	NA	NA
Muscle	M603	11	5	M237	LOC729143	NA	NA	NA
Muscle	M604	16	5	M239	LOC653297,MGC39584	NA	NA	NA
Muscle	M605	10	5	M239	PURG	NA	NA	NA
Muscle	M606	136	5	M243	TRIML1,LOC653034,LOC100134420,ZNF576,MED1	NA	NA	NA
Muscle	M607	14	5	M243	NOC4L	NA	NA	NA
Muscle	M608	34	5	M243	CALN1,C14orf174	NA	NA	NA
Muscle	M622	16	5	M255	ART3	NA	NA	NA
Muscle	M623	38	5	M257	MYL3,HYAL2	MUSCLE_FILAMENT_SLIDING	0.0235417321363638	NA
Muscle	M625	10	5	M257	CYB5R1	NA	NA	NA
Muscle	M630	12	5	M267	FLJ35429,SMTNL1	NA	NA	NA
Muscle	M631	22	5	M267	ZAK	NA	NA	NA
Muscle	M636	10	5	M282	DPP8	NA	NA	NA
Muscle	M638	73	5	M285	TNFRSF12A,ZNF364	STRIATED_MUSCLE_CELL_DIFFERENTIATION	NA	NA
Muscle	M639	17	5	M285	PANX1	NA	NA	NA
Muscle	M641	11	5	M285	DIAPH1,PPM2C	NA	NA	NA
Muscle	M643	12	5	M286	LOC648605	NA	NA	NA
Muscle	M644	28	5	M286	XIRP2,WNK1	COPPER_ION_HOMEOSTASIS	NA	NA
Muscle	M645	47	5	M286	HOMER2,MEMO1	REGULATION_OF_CALCIUM_MEDIATED_SIGNALING	NA	NA
Muscle	M646	18	5	M286	SVIL	NA	NA	NA
Muscle	M647	12	5	M286	KLHL34	NA	NA	NA
Muscle	M648	15	5	M287	RN7SK	NA	NA	NA
Muscle	M650	10	5	M288	IER5,BTG2,OTUD1	NA	NA	NA
Muscle	M651	11	5	M288	ABRA	NA	NA	NA
Muscle	M652	14	5	M288	TSC22D2	NA	NA	NA
Muscle	M653	22	5	M290	CEBPB	REGULATION_OF_MYELOID_CELL_DIFFERENTIATION	NA	NA
Muscle	M658	10	5	M292	BRPF1	NA	NA	NA
Muscle	M662	57	5	M296	LOC645157,LOC100131672	NUCLEAR_TRANSCRIBED_MRNA_CATABOLIC_PROCESS	NA	NA
Muscle	M670	223	5	M301	LOC642828,LOC653658,LOC100129742,LOC388076,LOC100132547,LOC389787,DDX17,LOC347376,RG9MTD1	TRANSLATIONAL_INITIATION	0.00347305655097367	NA
Muscle	M671	40	5	M301	LOC100130070,LOC100134273	NA	NA	NA
Muscle	M672	12	5	M301		NA	NA	0.00232403880296014
Muscle	M673	57	5	M301	FLJ43681,LOC653773	COTRANSLATIONAL_PROTEIN_TARGETING_TO_MEMBRANE	NA	NA
Muscle	M680	18	5	M307	LOC100130980	NA	NA	0.00444839519320271
Muscle	M682	22	5	M307	LOC644464	NA	NA	NA
Muscle	M686	11	5	M308	LOC645173,LOC727865	NA	NA	NA
Muscle	M688	38	5	M311	LOC646527,LOC641848	NA	NA	NA
Muscle	M695	13	5	M321	FH,NDUFAB1	MITOCHONDRIAL_TRANSLATION	NA	NA
Muscle	M697	50	5	M323	TCP1	POSITIVE_REGULATION_OF_ESTABLISHMENT_OF_PROTEIN_LOCALIZATION_TO_TELOMERE	NA	NA
Muscle	M699	16	5	M324	LOC389293	NA	NA	NA
Muscle	M703	46	5	M328	FKBP3	TRANSLATIONAL_ELONGATION	NA	NA
Muscle	M707	18	5	M329	LOC644914,GOLT1B,MAK16	NA	NA	NA
Muscle	M708	11	5	M329	C2orf47	NA	NA	NA
Muscle	M713	13	5	M332	CROP	NA	0.0216356934363456	NA
Muscle	M727	11	5	M374	MOCS2	NA	NA	NA
Muscle	M728	27	5	M374	SCP2,GRINL1A	NA	NA	NA
Muscle	M732	18	5	M381	CNOT7	NA	NA	NA
Muscle	M733	57	5	M382	GTF2I	NA	NA	NA
Muscle	M737	49	5	M389	C3orf23,ZFAND6	NA	NA	NA
Muscle	M739	20	5	M391	ATL2	NA	NA	NA
Muscle	M741	61	6	M394	FGR,CSF3R,FCN1	REGULATION_OF_CELL_SHAPE	NA	NA
Muscle	M742	151	6	M394	LCP1,ITGB2,RAC2,EFHD2,AIF1,TYROBP,HCST,LTB	T_CELL_ACTIVATION	NA	NA
Muscle	M746	16	6	M395	TNFRSF14	NA	NA	NA
Muscle	M748	68	6	M397	SNCA,HBD,SLC25A39	OXYGEN_TRANSPORT	NA	NA
Muscle	M749	11	6	M397	LOC728453,EEF1D	NA	NA	NA
Muscle	M750	77	6	M401	LOC728672,TMSL3,LOC389223,LOC645715	NA	0.0124327784608337	NA
Muscle	M753	30	6	M402	LOC440595,LOC649150	NA	NA	NA
Muscle	M754	13	6	M402	MGAT1	NA	NA	NA
Muscle	M756	93	6	M403	CAP1,MYH9,PECAM1,FKSG30	SUBSTRATE_DEPENDENT_CELL_MIGRATION_CELL_EXTENSION	NA	NA
Muscle	M757	83	6	M404	CALD1,MYLK,SH3BGRL,PLS3	NA	NA	NA
Muscle	M761	12	6	M405	MX1	DEFENSE_RESPONSE_TO_VIRUS	NA	NA
Muscle	M762	13	6	M406	TIMP2,VAT1	NA	NA	NA
Muscle	M763	55	6	M406	VIM	PROTEIN_DEPOLYMERIZATION	NA	NA
Muscle	M766	52	6	M408	CYBRD1	CHONDROITIN_SULFATE_BIOSYNTHETIC_PROCESS	NA	NA
Muscle	M767	44	6	M408	FBLN1,RGL1	NA	NA	NA
Muscle	M768	17	6	M408	RNASE4,CDO1	HORMONE_METABOLIC_PROCESS	NA	NA
Muscle	M772	30	6	M409	PKD2	NA	NA	NA
Muscle	M773	35	6	M410	ARPC5,ANXA2P1	UNSATURATED_FATTY_ACID_BIOSYNTHETIC_PROCESS	NA	NA
Muscle	M774	10	6	M410	RAB8B,MAP3K1	NA	NA	NA
Muscle	M776	29	6	M411	DPYSL2,TACC1	NA	NA	NA
Muscle	M777	10	6	M411	TMEM183B	NA	NA	NA
Muscle	M778	13	6	M411	GPR116,EPAS1	NA	NA	NA
Muscle	M781	87	6	M417	TAGLN,ACTG2,MYL9,CSRP1,MYH11,RBPMS2	MUSCLE_SYSTEM_PROCESS	NA	NA
Muscle	M782	35	6	M417	CRIP1,FER1L3,RAB31	NA	NA	NA
Muscle	M783	65	6	M417	AEBP1,SFRP2	COLLAGEN_FIBRIL_ORGANIZATION	NA	NA
Muscle	M784	29	6	M417	TGFB1I1,BGN	NA	NA	NA
Muscle	M785	11	6	M418	LOC339240,KCNE1L	NA	NA	NA
Muscle	M787	25	6	M419	SLC27A3,ITPR3	NA	NA	NA
Muscle	M788	53	6	M419	PTRF	SEX_DIFFERENTIATION	NA	NA
Muscle	M790	11	6	M422	RCC2,LOC100130919	NA	NA	NA
Muscle	M791	23	6	M422	ZC3HAV1	NA	NA	NA
Muscle	M792	13	6	M423	DBNL,TSPO	NA	NA	NA
Muscle	M794	43	6	M425	FSTL1,MFAP5	NA	NA	NA
Muscle	M795	201	6	M425	S100A10,ANXA2,CD44,EMP1,CLIC1,MYADM,GLIPR2,CD14,TIMP1,S100A4,SGCE	NA	NA	NA
Muscle	M802	10	6	M425	ARMCX6,ARMCX2	NA	NA	NA
Muscle	M803	10	6	M425	IGBP1	NA	NA	NA
Muscle	M834	231	6	M533	CDC42BPB,MTA1,TNRC6A,GRINA,SSBP3,PLD3,HUWE1,CENPB,RNF216,ZBTB4	NUCLEAR_TRANSCRIBED_MRNA_POLY_A_TAIL_SHORTENING	NA	NA
Muscle	M836	26	6	M537	AGPAT1	NA	NA	NA
Muscle	M838	11	6	M539	CLPTM1	NA	NA	NA
Muscle	M844	32	6	M597	ARGLU1,BTAF1	NA	NA	NA
Muscle	M845	12	6	M597	OGT	NA	NA	NA
Muscle	M846	24	6	M597	CCDC14	NA	NA	NA
Muscle	M847	13	6	M597	SENP7,USP1	NA	NA	NA
Muscle	M860	10	6	M622	ART3	NA	NA	NA
Muscle	M863	17	6	M631	ZAK	NA	NA	NA
Muscle	M865	52	6	M638	TNFRSF12A,ZNF364,XIRP1	STRIATED_MUSCLE_CELL_DIFFERENTIATION	NA	NA
Muscle	M871	14	6	M644	XIRP2	NA	NA	NA
Muscle	M873	10	6	M645		NA	NA	NA
Muscle	M874	34	6	M645	HOMER2	REGULATION_OF_CALCIUM_MEDIATED_SIGNALING	NA	NA
Muscle	M879	197	6	M670	LOC642828,LOC653658,LOC100129742,LOC388076,LOC100132547,LOC389787,LOC347376	TRANSLATIONAL_INITIATION	0.00347305655097367	NA
Muscle	M881	13	6	M671	LOC100134273,LOC100129599	NA	NA	NA
Muscle	M884	10	6	M682	LOC388524,LOC644464,GLTSCR2	NA	NA	0.0491868412632772
Muscle	M892	28	7	M741	CSF3R,FGR	POSITIVE_REGULATION_OF_MUSCLE_CONTRACTION	NA	NA
Muscle	M895	25	7	M742	ITGB2,BASP1	POSITIVE_REGULATION_OF_ALPHA_BETA_T_CELL_ACTIVATION	NA	NA
Muscle	M896	89	7	M742	LCP1,RAC2,LTB	T_CELL_ACTIVATION	NA	NA
Muscle	M897	12	7	M742	TYROBP	POSITIVE_REGULATION_OF_TUMOR_NECROSIS_FACTOR_SUPERFAMILY_CYTOKINE_PRODUCTION	NA	NA
Muscle	M905	63	7	M750	LOC728672,TMSL3	NA	0.0143289317271932	NA
Muscle	M908	12	7	M756	FKSG30	NA	NA	NA
Muscle	M909	68	7	M756	CAP1,MYH9,ATP2B4	SUBSTRATE_DEPENDENT_CELL_MIGRATION_CELL_EXTENSION	NA	NA
Muscle	M914	28	7	M781	ACTG2,CSRP1,MYL9	PLATELET_AGGREGATION	NA	NA
Muscle	M915	44	7	M781	TAGLN,MYH11,RBPMS2	MUSCLE_SYSTEM_PROCESS	NA	NA
Muscle	M918	25	7	M782	CRIP1	NA	NA	NA
Muscle	M919	34	7	M783	AEBP1	EXTRACELLULAR_STRUCTURE_ORGANIZATION	NA	NA
Muscle	M926	13	7	M787	ITPR3	REGULATION_OF_INSULIN_SECRETION	NA	NA
Muscle	M930	10	7	M795	PARVA	NA	NA	NA
Muscle	M931	131	7	M795	S100A10,CD44,ANXA2,GLIPR2,CLIC1,CD14	NA	NA	NA
Muscle	M945	15	7	M844	BTAF1	NA	NA	NA
Muscle	M951	171	7	M879	LOC642828,LOC653658,LOC388076,LOC100132547,LOC100129742	TRANSLATIONAL_INITIATION	0.0143289317271932	NA
Muscle	M954	45	8	M909	CAP1	NA	NA	NA
Muscle	M957	17	8	M915	MYH11	MUSCLE_CONTRACTION	NA	NA
